<?xml version="1.0" encoding="utf-8"?>
<odoo>
    <!-- Stock Picking -->
    <record id="rule_stock_picking_manager" model="ir.rule">
        <field name="name">Stock Picking Manager</field>
        <field name="model_id" ref="stock.model_stock_picking"/>
        <field name="domain_force">['|',('picking_type_id.warehouse_id','in',getattr(user, 'allowed_warehouse_ids', env['stock.warehouse']).ids),('picking_type_id.warehouse_id','=',False)]</field>
        <field name="groups" eval="[(4, ref('user_access_restrict.group_user_access_custom_manager'))]"/>
        <field name="perm_read" eval="True"/>
        <field name="perm_write" eval="True"/>
        <field name="perm_create" eval="True"/>
        <field name="perm_unlink" eval="True"/>
    </record>
    <record id="rule_stock_picking_user" model="ir.rule">
        <field name="name">Stock Picking User</field>
        <field name="model_id" ref="stock.model_stock_picking"/>
        <field name="domain_force">['|',('picking_type_id.warehouse_id','in',getattr(user, 'allowed_warehouse_ids', env['stock.warehouse']).ids),('picking_type_id.warehouse_id','=',False)]</field>
        <field name="groups" eval="[(4, ref('user_access_restrict.group_user_access_custom_user'))]"/>
        <field name="perm_read" eval="True"/>
        <field name="perm_write" eval="True"/>
        <field name="perm_create" eval="False"/>
        <field name="perm_unlink" eval="False"/>
    </record>

    <!-- Stock Location -->
    <record id="rule_stock_location_manager" model="ir.rule">
        <field name="name">Stock Location Manager</field>
        <field name="model_id" ref="stock.model_stock_location"/>
        <field name="domain_force">['|',('warehouse_id','in',getattr(user, 'allowed_warehouse_ids', env['stock.warehouse']).ids),('warehouse_id','=',False)]</field>
        <field name="groups" eval="[(4, ref('user_access_restrict.group_user_access_custom_manager'))]"/>
        <field name="perm_read" eval="True"/>
        <field name="perm_write" eval="True"/>
        <field name="perm_create" eval="True"/>
        <field name="perm_unlink" eval="True"/>
    </record>
    <record id="rule_stock_location_user" model="ir.rule">
        <field name="name">Stock Location User</field>
        <field name="model_id" ref="stock.model_stock_location"/>
        <field name="domain_force">['|',('warehouse_id','in',getattr(user, 'allowed_warehouse_ids', env['stock.warehouse']).ids),('warehouse_id','=',False)]</field>
        <field name="groups" eval="[(4, ref('user_access_restrict.group_user_access_custom_user'))]"/>
        <field name="perm_read" eval="True"/>
        <field name="perm_write" eval="True"/>
        <field name="perm_create" eval="False"/>
        <field name="perm_unlink" eval="False"/>
    </record>

    <!-- Stock Move -->
    <record id="rule_stock_move_manager" model="ir.rule">
        <field name="name">Stock Move Manager</field>
        <field name="model_id" ref="stock.model_stock_move"/>
        <field name="domain_force">['|',('move_line_ids.location_id.warehouse_id','in',getattr(user, 'allowed_warehouse_ids', env['stock.warehouse']).ids),('move_line_ids.location_id.warehouse_id','=',False)]</field>
        <field name="groups" eval="[(4, ref('user_access_restrict.group_user_access_custom_manager'))]"/>
        <field name="perm_read" eval="True"/>
        <field name="perm_write" eval="True"/>
        <field name="perm_create" eval="True"/>
        <field name="perm_unlink" eval="True"/>
    </record>
    <record id="rule_stock_move_user" model="ir.rule">
        <field name="name">Stock Move User</field>
        <field name="model_id" ref="stock.model_stock_move"/>
        <field name="domain_force">['|',('move_line_ids.location_id.warehouse_id','in',getattr(user, 'allowed_warehouse_ids', env['stock.warehouse']).ids),('move_line_ids.location_id.warehouse_id','=',False)]</field>
        <field name="groups" eval="[(4, ref('user_access_restrict.group_user_access_custom_user'))]"/>
        <field name="perm_read" eval="True"/>
        <field name="perm_write" eval="True"/>
        <field name="perm_create" eval="False"/>
        <field name="perm_unlink" eval="False"/>
    </record>

    <!-- Stock Quant -->
    <record id="rule_stock_quant_manager" model="ir.rule">
        <field name="name">Stock Quant Manager</field>
        <field name="model_id" ref="stock.model_stock_quant"/>
        <field name="domain_force">['|',('location_id.warehouse_id','in',getattr(user, 'allowed_warehouse_ids', env['stock.warehouse']).ids),('location_id.warehouse_id','=',False)]</field>
        <field name="groups" eval="[(4, ref('user_access_restrict.group_user_access_custom_manager'))]"/>
        <field name="perm_read" eval="True"/>
        <field name="perm_write" eval="True"/>
        <field name="perm_create" eval="True"/>
        <field name="perm_unlink" eval="True"/>
    </record>
    <record id="rule_stock_quant_user" model="ir.rule">
        <field name="name">Stock Quant User</field>
        <field name="model_id" ref="stock.model_stock_quant"/>
        <field name="domain_force">['|',('location_id.warehouse_id','in',getattr(user, 'allowed_warehouse_ids', env['stock.warehouse']).ids),('location_id.warehouse_id','=',False)]</field>
        <field name="groups" eval="[(4, ref('user_access_restrict.group_user_access_custom_user'))]"/>
        <field name="perm_read" eval="True"/>
        <field name="perm_write" eval="True"/>
        <field name="perm_create" eval="False"/>
        <field name="perm_unlink" eval="False"/>
    </record>

    <!-- Sale Order -->
    <record id="rule_sale_order_manager" model="ir.rule">
        <field name="name">Sale Order Manager</field>
        <field name="model_id" ref="sale.model_sale_order"/>
        <field name="domain_force">['|',('warehouse_id','in',getattr(user, 'allowed_warehouse_ids', env['stock.warehouse']).ids),('warehouse_id','=',False)]</field>
        <field name="groups" eval="[(4, ref('user_access_restrict.group_user_access_custom_manager'))]"/>
        <field name="perm_read" eval="True"/>
        <field name="perm_write" eval="True"/>
        <field name="perm_create" eval="True"/>
        <field name="perm_unlink" eval="True"/>
    </record>
    <record id="rule_sale_order_user" model="ir.rule">
        <field name="name">Sale Order User</field>
        <field name="model_id" ref="sale.model_sale_order"/>
        <field name="domain_force">['|',('warehouse_id','in',getattr(user, 'allowed_warehouse_ids', env['stock.warehouse']).ids),('warehouse_id','=',False)]</field>
        <field name="groups" eval="[(4, ref('user_access_restrict.group_user_access_custom_user'))]"/>
        <field name="perm_read" eval="True"/>
        <field name="perm_write" eval="True"/>
        <field name="perm_create" eval="False"/>
        <field name="perm_unlink" eval="False"/>
    </record>

    <!-- Purchase Order -->
    <record id="rule_purchase_order_manager" model="ir.rule">
        <field name="name">Purchase Order Manager</field>
        <field name="model_id" ref="purchase.model_purchase_order"/>
        <field name="domain_force">['|',('picking_type_id.warehouse_id','in',getattr(user, 'allowed_warehouse_ids', env['stock.warehouse']).ids),('picking_type_id.warehouse_id','=',False)]</field>
        <field name="groups" eval="[(4, ref('user_access_restrict.group_user_access_custom_manager'))]"/>
        <field name="perm_read" eval="True"/>
        <field name="perm_write" eval="True"/>
        <field name="perm_create" eval="True"/>
        <field name="perm_unlink" eval="True"/>
    </record>
    <record id="rule_purchase_order_user" model="ir.rule">
        <field name="name">Purchase Order User</field>
        <field name="model_id" ref="purchase.model_purchase_order"/>
        <field name="domain_force">['|',('picking_type_id.warehouse_id','in',getattr(user, 'allowed_warehouse_ids', env['stock.warehouse']).ids),('picking_type_id.warehouse_id','=',False)]</field>
        <field name="groups" eval="[(4, ref('user_access_restrict.group_user_access_custom_user'))]"/>
        <field name="perm_read" eval="True"/>
        <field name="perm_write" eval="True"/>
        <field name="perm_create" eval="False"/>
        <field name="perm_unlink" eval="False"/>
    </record>
</odoo>
